{"cameraMode":{"drawMode":0,"name":"Shaded","section":"Shading Mode"},"sceneLighting":true,"audioPlay":false,"sceneViewState":{"showFog":true,"showMaterialUpdate":true,"showSkybox":true,"showFlares":true,"showImageEffects":true,"showParticleSystems":true},"in2DMode":false,"pivot":{"x":-0.015099167823791504,"y":0.27197253704071047,"z":0.011848896741867066},"rotation":{"x":-0.07071277499198914,"y":0.8532856106758118,"z":-0.12008096277713776,"w":-0.5024785399436951},"size":0.3073950409889221,"orthographic":false}